1;Jason Wright2;6;5.048384477519329;465;4593;600000;600000000;1;77;41
1;Dana Cochran6;7;23.576444739123765;385;1162;8000;80000;3;79;22
0;Stephen Hayes4;6;16.306014577786012;3428;4966;800000;8000000;2;57;24
0;Jennifer Dixon6;7;19.114954394112562;2635;4527;800000;8000000;3;58;13
0;Donna Best1;2;13.011842503717949;2910;4794;900;900000;2;30;7
1;Danielle Ramos5;8;15.686092184951178;143;4107;90;900;2;49;24
1;Ethan Shaw6;7;8.438995754940304;4981;8542;30000;30000000;2;17;17
0;Amber Baker2;7;18.83452497995664;4947;7611;30;300;0;6;2
1;Elizabeth Pacheco7;7;10.688113274376152;164;1491;700000;70000000;0;85;26
1;Martha Dixon4;8;13.436829238171292;3101;5765;6000;6000000;1;8;3
0;Jennifer Hancock9;2;4.67830130803828;2471;6903;200;200000;3;48;35
0;William Kline9;2;1.6851596376814686;4434;8231;8000;8000000;3;75;16
1;Tamara Montes1;7;19.168474436761997;3265;5713;40;40000;2;27;11
0;Jared Jackson5;6;6.02104134753213;4832;9449;100000;10000000;3;85;30
0;Michael Johnson1;1;21.54485368648201;3781;5553;700000;70000000;2;75;38
1;Andrew Nelson2;8;20.571541887584445;3667;6855;400;40000;1;41;10
1;Jamie Combs9;6;17.511606889632517;4394;6690;1000;100000;1;35;24
0;Michelle Rowe6;1;9.730146670909704;819;853;60000;60000000;1;67;29
0;Sandra James10;6;2.9400306829962752;3002;4536;400;40000;1;81;18
0;Melissa Lyons9;7;11.827098349554314;4632;6783;9000;9000000;3;81;18
0;Nancy Bentley5;7;22.991307822323492;4283;7116;800;8000;0;19;11
0;Christopher Jacobs8;1;10.52352947328232;2462;6119;100000;100000000;1;79;22
1;Jade Williams6;7;16.655273676474994;271;3501;500000;5000000;1;10;3
0;Kyle Peterson6;6;5.647848566678568;2412;4204;7000;7000000;0;1;1
0;Kevin Spencer10;6;6.884165371632098;3061;4598;50;500;3;69;27
1;Gary Johnson3;6;19.630857867245936;330;3439;70000;700000;0;35;14
0;Maria Williams7;7;19.13837670133603;2596;3449;10000;10000000;0;83;32
1;Jeffrey Washington7;6;22.36875159198666;4069;8792;6000;60000;1;5;2
0;Kelsey Robinson4;7;17.220015931634947;2813;5974;500;50000;0;50;11
1;Joshua Thompson4;7;21.734190892799493;3928;5898;700;7000;1;74;35
0;David Barnes3;2;6.795576978427528;4095;6557;20;200;3;87;27
0;Adam Brown1;1;22.132809947201764;3992;7731;800000;8000000;1;69;27
1;Robert Barr10;1;18.442444213872097;4058;4468;6000;60000;0;4;2
1;Marie Baker10;2;6.672846002468461;2382;6609;50000;500000;3;42;15
1;Kathryn Navarro3;2;18.309538375904502;4898;8545;900;90000;1;59;21
0;Jacqueline Morgan3;7;4.5591766272446375;1983;3699;6000;600000;1;55;19
1;Holly Wilson9;1;24.44691764100458;1812;2940;700000;7000000;3;84;42
0;Justin Mason10;7;1.5132754169546347;4972;5942;7000;7000000;3;90;20
0;Jeffrey Fuller3;6;21.071352574071998;588;5410;200000;200000000;1;91;20
0;Christopher George7;8;9.04445101197669;3902;7044;10;100;2;55;30
1;Jennifer Bryant DVM4;6;6.661391827922023;607;4844;8000;8000000;3;70;46
1;Shannon Spencer6;8;1.2164286408174407;98;165;700000;7000000;1;25;11
0;Katelyn Rodriguez1;2;18.962549739558703;4676;5124;200;20000;3;40;11
1;Ivan Garcia5;1;22.649795686910895;1376;2816;60;6000;1;73;20
0;Jeffrey Bass2;7;23.800603213680567;80;596;60;600;2;75;22
1;Robert Hughes5;8;23.366105284454136;2992;3540;70;7000;3;35;25
1;Bryan Estrada1;1;13.136671023474609;2013;2766;800000;80000000;2;60;13
0;Ashley King10;7;2.5183664692960765;4036;7881;8000;800000;1;84;32
0;Julie Lopez3;2;2.5266705315152462;4420;7725;80;800;0;37;24
1;Jeremy Carrillo2;1;14.399478780341768;2855;4348;3000;300000;3;34;8
0;Jeanette Diaz3;2;5.442642680240994;1063;2644;30000;30000000;3;66;20
0;Bobby Carroll5;1;14.259466322453296;344;350;20000;200000;1;42;12
0;Kevin Castro4;2;19.50695788576794;786;1540;5000;50000;3;23;5
1;Andrew Adams2;8;17.32227806069691;1542;3324;200000;200000000;2;35;8
0;Anthony Perez4;1;6.835951132442308;4628;9519;60000;6000000;1;43;25
0;Jennifer Bell3;8;1.3427697491403405;2236;6569;8000;80000;0;56;29
0;Sarah Carroll9;1;17.134765887163788;3498;3591;40;400;3;8;4
1;Roberto Gonzalez2;7;17.634714220249442;706;5557;3000;3000000;0;12;8
1;Michael Norris4;7;18.51406390179972;3344;7717;60;60000;2;91;63
1;Paul Nash10;8;3.5018332470956204;2998;3000;9000;900000;2;81;20
1;Jonathan Morales7;2;9.527467434814996;2167;5479;80;80000;3;1;1
0;Wyatt Harmon9;7;20.950235872849888;3815;7667;70;70000;1;43;14
1;Jacob Brooks1;7;12.47199852242242;771;905;600;60000;2;38;12
0;Amy Brown5;6;6.628302356306964;1938;4194;800;800000;1;73;44
1;Casey Murray4;1;22.985143931384048;1215;4461;90000;9000000;3;29;24
0;Russell Larsen7;7;5.34883882366474;3578;5194;40;400;1;54;13
0;Jason Campbell7;2;17.743362474333622;3466;7221;300;30000;1;77;23
0;Carlos Diaz8;2;8.729716175065882;721;2817;90;9000;1;17;4
1;Rebecca Martinez10;8;12.342065521308424;3295;5049;50;50000;1;69;19
1;Tonya Anderson4;2;21.28014813246403;3699;6958;200;200000;2;72;18
1;Tamara Shepard1;7;19.689366548681438;2412;6234;300000;3000000;2;22;7
1;Tammy Gillespie9;6;24.602224098895608;1171;1422;70;7000;3;64;16
1;Amanda Carter2;8;8.978285680503795;1600;4723;70000;7000000;2;98;62
1;Dana Hobbs9;1;10.6423784845321;726;4943;90000;9000000;1;64;19
1;Andrea Ramos1;1;16.686355586170105;528;3599;30000;300000;2;73;17
0;John Nichols3;7;8.99877149606008;3358;6878;100000;1000000;0;93;19
1;Wyatt Villegas1;7;4.440022598378318;936;3473;9000;900000;0;3;2
0;Kenneth Reynolds9;1;20.248155641782287;4509;7726;9000;9000000;0;98;31
1;Jenna Nguyen5;8;16.279462584045778;3379;4903;7000;70000;2;28;16
1;John Evans2;2;11.36361385659054;990;2847;6000;6000000;2;40;28
1;Yolanda Johnson9;1;24.4806568165736;634;5511;6000;6000000;2;36;11
0;Holly Gonzalez8;1;17.58950404349723;3620;7678;200;2000;3;60;38
1;Sarah Taylor1;8;12.13561817411126;206;3190;8000;80000;1;36;11
0;Laura Carrillo2;6;3.9065388867739665;1330;2508;70000;70000000;3;58;41
0;Paul Avila10;1;14.185103537775937;3966;4703;20;2000;3;69;22
0;Charles Serrano5;8;3.8933642274954994;1711;4914;300000;30000000;2;26;10
0;Caitlyn Cantrell8;8;2.6781421932775276;483;1763;700;70000;1;80;26
1;Bobby Johnson MD5;7;16.63624009052367;4388;9004;300;3000;0;14;4
0;Robert Sanchez3;1;14.592433338067329;520;3674;7000;7000000;1;55;23
1;Amanda Johnson9;8;23.86756391577618;2615;6810;40;40000;0;77;41
1;Mark Mendoza3;1;4.494102815432605;3087;6897;300;30000;2;58;24
0;Phillip Perez8;2;7.8477694631206685;1919;2089;600000;600000000;0;93;58
1;Andrew Martinez7;8;3.2753866773393705;4752;8578;50000;500000;1;40;11
1;Angela Bennett1;1;4.799913596079186;3897;6317;500;5000;3;8;2
1;Alexander Jenkins10;8;22.79349156518283;2587;5420;80000;800000;3;100;23
1;Robert Morales2;6;19.90965921704358;751;3864;30000;30000000;2;6;2
0;Jennifer Mitchell9;6;4.75107035751677;3276;6748;100000;100000000;1;78;57
1;David Harrington9;8;13.156642057299733;3057;7804;10000;1000000;3;67;18
0;Martin Alexander5;1;14.729736505417598;3748;7048;60000;60000000;2;34;8
0;Jonathan Osborne7;8;8.260493680554282;4893;5037;600000;60000000;0;100;31
0;Elizabeth Nichols4;2;24.09074591760217;1618;1703;100000;1000000;1;31;10
1;Sabrina Gibson10;2;16.219436905644365;3694;3968;30;3000;0;31;11
1;Christopher Edwards5;1;18.157755419466863;1500;6187;400000;40000000;3;8;3
1;Lisa Gilmore9;6;9.51873701544082;1371;3015;80;80000;1;94;20
0;Keith Davenport3;1;16.004758848529853;1568;1729;9000;90000;2;100;21
1;Alan Wright MD10;2;9.759933585218846;50;4771;200;200000;2;85;21
1;Martin Harris3;2;2.264656022858427;3181;7580;500000;500000000;0;20;10
0;Dawn Fletcher9;7;22.636431572791622;203;2398;30;3000;0;81;17
1;Troy Wilson7;8;12.118823780546217;1710;4501;100000;100000000;3;46;15
0;Raymond Hart3;8;11.409769095472308;2244;5571;400000;400000000;1;39;9
1;Robert Barry1;7;1.4645835404501872;3167;8124;100000;1000000;3;10;3
1;Jennifer Rose5;6;21.99648810259051;2381;2990;100;10000;2;83;77
1;Shawn Brown4;8;2.7698874894144354;10;2258;7000;700000;2;27;6
1;Donald Nichols1;8;17.25884487178009;4716;8095;500000;500000000;1;8;6
0;Mackenzie Reyes5;7;7.520752591296079;2888;7080;200;200000;1;24;9
0;Tim Miller3;6;18.569340980436515;4988;6348;4000;4000000;2;65;18
1;Mary Hart3;8;13.222229368607824;863;1868;10;100;1;3;2
0;Bryan Thomas DVM9;7;17.481230952659324;2958;6999;30;300;1;58;23
0;Jamie Mendoza5;2;4.087672644697152;1984;2324;2000;200000;3;49;47
0;David Conner4;8;10.669170355508708;4069;5363;500000;500000000;3;18;6
0;Brittany Bartlett1;1;20.113766294511016;2297;3483;500;500000;1;38;9
1;Nicholas Mitchell7;1;13.815738047537987;4871;6053;900;900000;2;14;4
1;Dr. Gregory Hurley7;6;6.337937325559623;3065;4826;20;200;1;28;12
1;Erika Wilson10;6;6.296322471683596;756;4636;90;900;0;13;4
1;Tracy Davidson5;1;0.12326309687106796;2226;2437;600;6000;1;78;50
0;Erica Lopez6;6;19.3025189097349;994;4467;9000;9000000;3;76;19
1;Charles Robinson6;2;18.34708693591099;4791;6552;300;30000;0;99;28
1;Emily Price5;6;11.032321164361738;2865;5584;20;20000;2;61;16
0;Bobby Williams7;2;6.542539011695153;4726;9417;200;2000;2;52;22
1;Elizabeth Hurst3;7;18.65176499221708;409;5039;50;500;1;6;2
0;Phillip Snyder7;1;15.695095818792842;410;5013;700;700000;1;48;11
0;William Smith3;7;5.398158160045097;4801;7985;3000;300000;3;46;14
1;Jody Johnson9;8;23.011346621568098;3829;7034;9000;9000000;2;26;10
1;Thomas Yates4;2;16.771240420622018;75;604;900000;900000000;0;20;6
1;Erin Norris10;6;12.716485180389434;4971;6981;6000;600000;1;11;11
1;Angela Leon2;8;20.773180306978592;2886;4168;900;90000;3;59;18
0;Chad Stout9;2;18.436725425496824;1287;1978;10;1000;3;30;10
0;Kimberly Adams7;1;9.128384695926453;4934;9888;90000;900000;1;59;40
1;Sara Cordova10;7;8.945323373325524;3064;3122;100;10000;3;74;31
0;Charles King2;1;3.1641906748337387;3358;7280;90000;900000;1;5;2
1;Jake Marsh10;6;24.75227592930723;579;755;70;7000;0;29;23
0;Sarah Weaver7;6;19.789329275154774;2219;3756;800000;8000000;3;17;16
1;William Smith6;1;2.590196632935124;2905;4814;40000;4000000;2;37;10
0;Jordan Willis3;8;13.596869247316807;2088;3522;70;7000;1;65;38
0;Kaitlin Bruce7;2;20.230671792733208;2736;5549;600000;60000000;2;63;42
1;Dr. Jessica Greene10;1;7.384499911633336;2823;6698;90000;90000000;0;62;14
1;Martin Fry10;7;16.433457480450333;3060;3967;100;100000;1;8;2
0;William Stewart2;8;6.013731445867617;4407;5291;1000;1000000;3;29;13
1;Jessica Thompson7;7;9.247418252590906;4700;4835;70;70000;2;63;21
1;Lisa Harper2;1;19.415447950774684;486;4868;100;100000;0;98;30
0;Steven Hoover7;6;14.88317377198677;1146;4164;9000;900000;3;57;45
0;Timothy Richardson2;7;19.479251139568294;2937;4266;600000;600000000;2;43;31
0;Christopher Sullivan10;8;18.690347345111068;4174;6845;700;700000;1;54;47
1;Steven Ortega5;8;8.15476284544615;2949;6813;5000;500000;3;68;27
1;Mark Stokes6;8;6.714439658074004;2322;5757;300;3000;2;51;12
1;Aaron Alvarez9;6;8.689591054359088;4106;4696;700000;700000000;1;9;5
0;Allen Davidson3;2;21.597609090297247;965;4465;900000;90000000;3;27;7
0;William Thomas5;2;5.695760344706679;3985;5227;900;9000;3;12;6
0;Michele Houston10;7;7.355046430086068;268;531;900;90000;1;32;15
0;Katherine Weaver2;6;12.11933914215473;421;4939;500;500000;0;68;29
1;Sheila Ramirez3;2;16.845392795867923;4050;4427;100000;100000000;0;45;39
1;Kristin Boyd2;2;21.280747246324875;3160;6289;2000;20000;3;31;25
1;Anthony Gray6;8;1.5620489865426024;4653;8753;4000;400000;3;96;48
0;Lauren Huff4;2;7.614456836628627;4419;8514;5000;500000;2;99;24
0;Jeffery Holmes8;2;11.831746490050604;1702;2248;2000;200000;3;61;40
1;Anthony Christensen7;6;4.889545371194706;3139;5435;600;60000;1;78;73
0;Miss Katrina Morrison DDS7;8;8.45215846273592;2396;4366;400;4000;1;14;4
0;Steven Hopkins9;2;23.810770922244135;2753;7283;200;200000;3;57;29
0;Isabel Bell5;8;5.171146063749665;3463;6503;3000;3000000;1;29;19
0;John Marks10;7;1.0271292914217995;2661;7556;400;400000;1;70;21
0;Nicholas Luna2;7;4.188250762790685;416;1020;300;30000;1;98;56
1;Natasha Clark4;7;0.0006807604807257395;2178;2440;600000;60000000;0;28;6
0;Jeffrey Mitchell4;7;24.979346510313032;4957;5328;1000;1000000;3;66;37
1;Tara Castillo7;8;10.599835372573905;3856;4521;50000;50000000;2;29;7
1;Crystal Jones6;1;14.181272604014673;1262;3551;700;7000;3;1;1
1;Ashley Fowler1;6;16.931200977907196;3580;7548;80000;800000;3;69;18
1;Gloria Harris8;2;3.2860764986157394;4242;7206;60000;60000000;1;12;5
0;Christopher Johnston4;7;3.8991824823786074;240;1803;800;8000;0;57;14
1;Meghan Trujillo5;2;16.780345223126456;1962;2382;10;1000;2;66;29
0;Jason Butler4;7;18.41647192199449;1010;1131;500000;5000000;0;60;38
1;Ryan Williams8;6;13.53783990333312;3074;4173;50;50000;1;74;25
1;Alicia Pena4;6;3.826929995556533;3250;3655;80;8000;1;81;27
0;Christy Ramsey DDS9;6;6.044108837309503;1142;2872;500;5000;2;53;15
0;Kyle Crawford4;8;17.996867388657208;2333;6713;70000;7000000;3;28;10
1;Daniel Cherry5;2;18.469384595453207;3226;7412;90000;90000000;1;50;12
0;Roy Thompson10;1;7.6973501570757;2102;3176;700000;70000000;3;61;35
1;Raymond Gutierrez5;7;5.704429603027123;442;4764;70000;700000;3;52;21
1;Rebecca Davenport10;1;13.803143894759737;3226;6673;10000;1000000;3;100;25
1;Abigail Adams4;8;1.1058879063960942;28;938;70;700;3;65;50
1;Thomas Sandoval1;2;12.953847439202645;3951;8418;30;3000;1;78;17
0;Michelle Ball8;8;6.109190159498532;4552;6591;20;20000;1;21;5
0;John Christensen5;6;18.07715628146343;3726;3946;2000;2000000;2;56;20
0;Mandy Walker7;8;3.018806422326775;302;5167;900000;9000000;0;8;2
0;Emily Goodman7;2;0.07502033753308546;85;1525;500;5000;3;20;12
1;Dale Morse3;1;12.027026885617534;3291;3794;900000;90000000;2;11;3
0;Stephanie Moreno8;6;13.501341501658057;4491;7199;2000;2000000;1;79;26
0;Carol Rivas1;6;21.38910701389741;3927;7736;3000;30000;0;5;2
1;Erin Scott2;8;1.0728579706654473;1146;5334;60;6000;0;90;32
1;Tyler Dunn8;2;10.507348226183415;1771;6236;3000;3000000;3;16;13
0;Kathryn Graham10;1;17.43177369118553;4941;7476;10;100;2;91;30
0;Stacy Tucker10;7;10.080954353786717;4863;9729;500;5000;3;45;10
0;Kimberly Soto5;1;8.674269077069274;4198;4374;80000;8000000;0;37;11
1;Alex Johnson PhD4;2;3.221669131787619;4935;7819;70000;7000000;0;62;23
1;Pamela Hernandez5;6;13.72091055353723;3749;4091;20000;20000000;1;89;26
0;Joseph Gray7;1;1.3783344124594503;2602;6491;300;30000;0;64;49
0;Angela Martinez1;8;1.3161071533668163;4897;7634;1000;10000;0;68;20
1;Erin Horn6;1;19.38388270499175;1886;4396;5000;5000000;2;86;21
1;Natalie Allen4;7;19.65248542054711;3076;7539;700;700000;1;44;11
1;John Bell2;8;19.698691502901422;72;1766;70;70000;1;87;32
1;Sandra Clarke4;8;15.123314855840523;2236;6611;60;60000;0;40;24
1;Paula Jackson9;7;6.814445503152442;3241;8180;60;6000;3;23;6
0;Michael Ryan1;1;16.969008433495993;2003;5156;800000;8000000;0;37;11
0;Samantha Sanders6;8;16.902523792744052;4257;5440;500;5000;0;93;22
1;Hannah Graham4;8;8.416694388292296;1219;3265;500;50000;3;30;7
1;Brandi Santos4;1;9.637301396136902;1666;2703;60;600;0;82;33
1;James Schwartz4;6;1.3186946594195308;1649;4307;300;30000;1;87;35
1;Lindsay Colon10;8;24.015268704123066;4675;4861;7000;70000;0;82;23
1;Gerald Watkins3;2;8.939434844680372;2381;2670;30;300;1;35;18
0;Nicole Hall10;1;17.584220891767103;108;387;500;5000;0;1;1
0;Keith Patel9;6;1.6493411307280548;4380;6765;5000;50000;1;54;13
1;Steven Thomas10;1;9.25898766220245;3190;5152;500;50000;2;31;13
0;Lisa Carey7;1;22.377119080707878;438;1241;200000;20000000;3;94;34
0;Ethan Henson5;7;12.234322524541225;3727;5588;200;200000;2;29;9
1;Gloria King8;2;19.803126634230026;4156;5087;60;60000;2;64;15
1;Jason Gibson9;7;23.810048045433913;2222;3331;30;30000;3;85;51
1;Gregory Harris2;6;13.656822605186916;3421;7964;6000;6000000;1;83;25
0;Sean Watson3;6;11.342773202198561;719;2726;400;400000;3;40;10
0;Samuel Atkinson9;1;15.439015805681697;1427;1914;1000;10000;3;98;50
1;Vernon Roberts7;8;5.587903306306282;2648;6811;300;300000;1;23;6
0;Haley Black10;8;24.69464984515905;3917;4135;400;4000;0;85;56
1;Steven Williams6;1;6.899142587449828;1960;6748;900000;9000000;3;79;24
0;Vanessa Powell7;7;9.1476795807128;695;2691;50;5000;2;82;18
1;Kaitlyn Kelly10;6;18.504636834237743;3927;7754;6000;600000;1;20;12
1;Nicolas Tapia6;8;22.431833844039417;1283;1519;80;8000;1;95;84
0;Mark Cole2;6;19.38771539927738;463;2951;500;500000;1;37;12
1;Tina Jones1;1;15.089272381567945;4837;7470;60000;6000000;0;7;7
1;Mr. Aaron Pearson MD6;2;3.624214547326951;1960;4211;200;2000;3;9;4
0;Jennifer Benton6;1;9.090662113111422;801;4304;600;6000;1;62;23
0;James Patel9;2;17.003106291792765;2540;6479;10000;100000;3;33;8
0;Brandon Castro4;8;17.919093234843942;4832;6778;5000;5000000;3;33;21
0;Robert Clark7;8;5.596404632227625;3701;3911;200000;200000000;0;85;23
0;Thomas Vasquez10;7;16.522488961149485;4200;6711;90;90000;3;6;2
1;Connor Wolfe6;6;10.545444892565841;4365;8084;70;700;0;67;23
0;Jonathan Gomez1;7;14.823576176453734;84;1475;800000;800000000;1;53;14
0;Kimberly Good1;6;4.920134617511351;28;2681;50;50000;3;61;13
1;Mr. Anthony Hess9;2;24.86262222616728;2282;4050;9000;90000;3;90;21
0;Andrea Jackson3;8;10.982831412519875;2858;5766;900;9000;0;40;16
0;Blake Bishop4;2;20.58353668291251;1537;4239;700;700000;3;41;12
1;Eduardo Wright8;6;24.42949761029132;626;2999;900;90000;1;65;21
0;Daniel Welch2;2;10.82126319170163;4172;4679;100000;1000000;1;80;25
1;Terry Morris4;6;8.38124772298734;2032;3450;5000;500000;3;11;7
0;Angel Ford2;8;10.106409137793419;3435;7649;900;9000;3;27;6
1;Mrs. Kim Hamilton5;2;22.75914119707174;321;3853;50;50000;3;87;28
0;Stacey Daniels7;8;16.29717532327549;4175;8511;700;70000;1;45;12
0;Melissa Walker1;2;21.41050730621434;495;912;50000;500000;0;49;25
0;Mark Jones3;8;5.950084021838764;4452;4841;200000;2000000;2;14;6
1;Mr. Michael Miller2;2;0.26620132984731815;3888;7074;300;30000;2;52;43
0;Clifford Nelson3;2;14.271748933872782;4071;5622;40;400;3;51;11
1;Amy Taylor9;1;21.53697859969924;404;1513;20;2000;2;43;15
1;Sarah Mills3;8;0.5110549178331286;426;2133;100;100000;3;76;51
0;Carmen Wolfe4;8;7.8298008889788075;3397;4821;6000;60000;0;94;22
0;Nicholas Bryant3;6;23.843171307993146;4006;4560;4000;4000000;1;20;5
0;Brett Thornton6;7;19.134399716388472;2180;5277;80;80000;2;22;5
0;Brandi White5;8;13.182178120922464;2993;4189;600000;600000000;0;85;72
0;Anne Mcclain2;6;7.6256680434048985;274;1449;500000;5000000;3;74;28
0;David Thompson4;6;17.624480113695974;4303;5804;200000;20000000;1;51;12
0;Jason Crawford3;8;21.232584895608877;4522;7984;40;4000;1;58;24
0;Denise Martinez7;6;9.339925510388161;3876;6168;800000;800000000;1;55;17
1;Lori Gonzalez6;7;24.77097614221932;3709;6203;900000;900000000;0;24;6
0;Steven Griffith4;2;9.224404039187139;3797;8339;20000;2000000;1;32;29
1;Andrew Fox3;2;0.11418896208096607;1277;5906;70000;7000000;2;66;20
0;Jennifer Scott4;7;16.906124467743723;1271;3560;100000;10000000;1;62;38
0;Martin Arnold10;6;7.175216948181676;3057;4948;2000;2000000;3;14;8
0;Kendra Bowman2;1;3.2253227096510213;1789;2904;9000;9000000;0;53;24
0;Karen Peters3;8;24.69205594577087;403;4913;700;70000;1;17;10
1;Cindy Smith1;2;17.231232494228184;2227;6831;50;5000;1;30;7
0;Allison Fernandez5;8;3.0084564674569796;1261;4219;90000;900000;1;81;19
1;Charles Martinez6;7;9.220002274351884;1221;5346;90;90000;0;48;13
0;Anthony Porter5;2;13.609109195042834;2189;2585;70;70000;1;77;40
0;Mary Lopez4;6;9.246410064204607;2774;4734;9000;900000;3;65;20
1;Charles Price2;7;1.817178985797202;4226;5165;8000;80000;3;57;13
0;Robert Joseph6;7;15.274302956011985;4082;7869;400;40000;0;100;51
0;Taylor Watson10;2;10.37112652216873;3090;6912;30000;300000;0;19;11
0;Samantha Miller6;7;10.238695799964765;978;4685;200;200000;2;27;9
0;Andrew Schultz8;2;13.685461457036366;4079;8972;700000;700000000;2;65;15
0;Mindy Smith5;6;17.97576583321698;4876;6250;4000;400000;1;94;22
0;Patricia Tran9;2;24.79233613410681;4292;6087;100000;100000000;3;46;14
1;Erica Fox8;8;5.425971887744518;1833;6701;70000;700000;3;99;43
0;Erin Pruitt5;2;23.42589888236006;3352;8181;200;200000;3;29;9
1;Amber Monroe10;2;5.679049987735441;2686;4747;900000;900000000;1;26;13
0;Regina Weaver8;2;3.344496574740505;1985;3773;700;7000;2;31;8
0;Scott Fritz6;2;11.511234069340656;1997;5128;700000;7000000;3;33;32
1;James Kirby10;8;8.42539163706455;4311;5477;20000;200000;0;85;62
0;John Medina1;1;14.792003939223841;123;2685;80000;800000;2;91;19
0;John Mcconnell9;8;15.044383263493652;717;1982;6000;60000;0;38;10
1;Jenna Alvarez1;6;14.306556905594936;3359;6599;200000;200000000;1;53;41
1;Carrie Romero9;8;18.97500878702801;2202;3726;60000;600000;1;21;16
1;Kimberly Thompson9;2;21.930130707168026;1130;4911;80000;8000000;3;95;22
0;Sheila Anderson2;8;12.438138427411916;4131;8448;4000;4000000;1;92;49
0;Lisa White8;8;22.688101340429736;42;3595;900000;9000000;2;3;1
1;Zachary Chan2;6;22.00594665533889;1060;4044;20000;2000000;3;7;2
1;Richard Hunt3;6;22.12739595906105;4955;6818;30000;30000000;3;70;39
1;James Walker8;7;22.51426644971339;4401;5411;700000;70000000;2;33;11
0;Vanessa Diaz8;7;6.728926441594327;2210;2476;100000;1000000;2;41;10
0;Kimberly Beard9;1;22.595982823651312;189;4471;900;9000;0;28;8
0;Brittany Stewart6;1;4.1346996182332285;1119;3082;10000;10000000;0;85;72
0;Gary Howell5;2;16.504995795923037;3606;8601;50000;5000000;0;83;38
0;Christopher Skinner7;2;21.83530355488369;99;4929;100000;100000000;3;12;4
1;Robert Hays5;1;3.395952653696094;3014;6060;50;500;1;87;34
1;Stephanie Craig5;2;0.5837941391461987;190;4995;1000;100000;2;93;22
0;Melinda White DVM5;8;5.4127636921704525;4758;8506;20000;2000000;0;4;2
1;Samuel Simpson3;2;13.906053015230277;2008;4697;3000;300000;0;73;31
0;Timothy Harrison6;7;5.07710547534117;485;1462;500;5000;2;36;15
1;April Lindsey6;7;17.803361595701137;2272;4372;10;1000;3;8;4
0;Jennifer Roth8;1;21.336258840183906;468;3152;90000;9000000;3;9;4
1;Edward Carter7;7;16.34227235081898;1101;4119;8000;8000000;2;79;25
1;Nicole Evans6;7;17.091871600651697;2520;4025;200000;20000000;0;68;25
1;Sarah Potts5;7;9.793697679626057;4616;9526;20;20000;0;42;14
1;Bill Walters8;6;4.580749274022872;62;88;20;20000;0;94;66
0;Michael Howell4;8;5.782279639434446;1399;4173;80;800;1;100;23
1;Jeffrey Miller8;2;0.362059600722095;3378;4408;80000;8000000;2;87;30
1;Jennifer Marshall8;1;15.572166727365216;3967;8962;90000;900000;1;11;5
1;Wesley Carroll3;6;9.836312374211511;3865;5560;4000;40000;2;71;19
0;Matthew Estrada6;1;17.438061461302446;3406;5750;800000;800000000;1;3;1
1;Charles Davis10;8;24.146692014998724;2313;3581;6000;6000000;1;36;9
0;Jaime Ramirez8;2;2.0444662467527435;3809;4312;30;3000;2;23;7
1;David Rice4;1;1.1835013924899247;4437;7223;40;400;3;90;73
0;Regina King4;2;15.595368987145477;1363;2516;400000;4000000;0;69;42
0;Ronald Smith4;7;5.245203424878309;994;5655;50000;500000;3;71;31
1;John Bradley7;6;15.907145472347048;209;966;400;4000;2;73;70
0;Kristin Winters6;2;24.243000618495607;912;4459;400000;40000000;1;55;15
0;Christopher Lara4;8;17.597633750401208;2282;5159;80000;80000000;3;59;16
1;Joseph Kelley8;1;1.7476712104739223;494;1102;70000;70000000;3;16;6
1;Raymond Floyd5;8;23.349755109525745;3698;5346;70;700;0;53;13
1;Carl Reyes8;7;11.376702767966995;2217;7198;700;70000;2;45;25
1;Jason Hernandez6;1;20.0902952336484;2913;7513;500000;50000000;0;14;14
1;Tony Valdez8;1;2.0912165488216896;2630;6869;40;4000;1;48;21
1;Nathan Bernard8;8;6.974015933504171;3284;6808;10;100;0;25;6
1;Michael Mueller10;7;5.358836744183732;878;1221;20;200;1;35;16
1;Justin Castillo4;2;9.582501776206332;172;2620;200000;20000000;3;94;24
1;Dr. Dawn Foster4;8;7.927054687488005;3177;5355;30000;3000000;2;32;10
0;Ricky Jones9;7;13.410426662935738;2574;6984;50000;50000000;3;77;25
1;Jessica Banks1;7;15.846904360749592;198;4545;8000;80000;1;32;13
1;Edward Smith3;1;12.3369993232837;2934;6437;7000;70000;1;77;35
1;Ronald Smith7;8;15.415739293908604;2372;3485;20;20000;1;12;10
1;Ruth Mckee10;6;7.638374373965134;2522;2636;400;4000;3;33;18
0;Lisa Johnson9;6;15.035385793360343;744;1750;40;400;0;50;38
0;Luis Williams7;2;14.594600094162416;37;3913;300;30000;1;79;43
1;Jason Conley4;1;20.12047315787082;232;860;70000;70000000;0;18;9
1;Amanda Jackson4;2;23.954364449301995;1300;1868;10;100;3;66;15
0;Nancy Villarreal3;8;10.264725927931115;3833;3947;100000;10000000;3;82;41
1;Brittany Williams8;8;11.939527351304315;123;4263;500;5000;2;63;20
1;Gary Morales4;1;11.367506600406491;1091;4534;20000;200000;0;38;14
0;Linda Vargas10;1;18.532702796641377;2554;3254;6000;600000;0;97;25
0;Susan Richardson7;6;11.891706187228094;3811;4355;100;10000;1;68;15
1;Theresa Cooper7;6;22.788173486468338;1810;3129;80;8000;1;20;8
0;Casey Willis6;8;16.357412842278606;351;2086;6000;6000000;3;78;19
1;Cynthia Weeks7;6;9.42286771578831;782;1954;70000;7000000;1;27;13
1;Jillian Jensen8;8;12.21861631282434;4573;6301;9000;900000;3;70;27
0;Anna Graham5;7;21.69332011142462;2240;2759;800;80000;3;86;22
1;Frank Curtis7;6;12.073517825967848;3199;4474;700000;7000000;2;61;14
0;Joseph Owen1;1;17.83560321266024;1000;2776;90;900;0;71;23
0;Jessica Terry3;2;16.48705881866141;1727;2561;80000;8000000;0;70;62
1;Carla Banks DVM8;6;15.227554785093695;2419;3780;6000;600000;1;66;20
0;Vincent Mahoney3;1;10.58119313267686;2935;3931;700;700000;1;72;21
0;Hannah Horn5;1;23.46972784201389;566;3225;80000;80000000;3;28;27
1;Ronald Kennedy1;1;21.59562236156768;652;5236;900;90000;1;27;16
0;Scott Williams3;2;11.657311223400079;4087;4134;100;10000;3;37;8
1;Jordan Martin9;1;9.07332780625794;1632;2467;100;1000;2;30;9
0;Brittany Delacruz4;2;17.431733048335907;1341;5929;20000;20000000;0;14;4
0;Steve Edwards2;2;11.917951757653347;4398;6637;500000;50000000;3;54;18
0;Megan Wilson5;8;24.8601008781031;2291;2491;900;900000;3;57;25
1;Mark Johnson5;8;22.650988878831043;4487;5745;50000;50000000;2;31;15
0;Brandon Watson8;7;6.09793735113717;1653;4577;5000;50000;2;7;2
0;Gary Johnson9;1;2.2500117581066235;439;4267;300;300000;2;89;72
1;Karen Benitez3;2;15.222834717835463;3362;7060;700;70000;3;75;57
0;Anne Bush9;8;8.27094082163731;4149;4511;600000;60000000;2;95;27
0;John Gordon6;1;11.450132462743682;929;3510;50;50000;3;77;26
1;Michael Mathis5;1;6.951091068391552;2188;5822;10000;100000;2;30;7
1;Gabriel Crawford3;2;13.692752058301624;1063;1885;70;7000;3;15;4
0;Christopher Moore2;1;23.994405948091874;4809;8417;400;40000;1;93;78
1;Joseph Farley3;2;22.13170786322686;543;3384;90000;9000000;0;9;3
0;Karen Long1;6;24.179153104252755;476;5106;600;6000;0;80;20
1;Peter Baker4;1;8.058715255084813;2181;5687;600000;60000000;0;41;10
1;Wesley Jones5;6;22.718515297593626;600;4923;40000;4000000;0;25;9
1;Jenny Smith3;7;0.6292141556898306;1390;4262;300000;300000000;3;67;19
1;Angela Mitchell3;1;21.59391411497221;2751;7368;40000;4000000;2;90;52
0;Paula Gordon6;2;24.183895920639223;2876;5266;9000;900000;3;82;38
0;Kathryn Park10;7;17.57539995545206;2005;5799;200;2000;3;56;27
0;Monica Williams8;8;20.450981193680505;3201;5206;700;70000;3;66;33
1;Justin Lopez6;8;13.218545151662314;1398;4778;500000;50000000;2;47;10
1;Joseph Spencer2;1;10.420792584413064;4332;4593;1000;10000;0;79;33
0;Timothy Garcia3;2;15.017894078909338;3964;4571;9000;90000;1;31;8
0;Mark Jefferson7;1;18.779498885672954;1006;1623;30;3000;0;50;20
0;Juan Shea9;1;3.1555952015708906;1638;5100;500000;500000000;1;66;39
1;Mr. Kenneth Reed II10;2;24.081319185204073;2035;2712;80;800;2;45;34
1;Danielle Brown7;6;16.31981797014396;4829;5175;7000;70000;3;61;15
0;Jeffery Kent3;1;11.405964091813633;2038;3148;8000;8000000;1;45;12
0;Breanna Frazier1;7;0.7246211381817913;4518;6475;60;6000;2;17;4
0;Samuel Taylor4;6;22.269771057478373;3540;4178;900000;900000000;3;15;8
1;Natalie Williams5;1;7.173582623121325;1269;1483;60000;600000;0;41;11
1;Denise Bowers1;8;13.002438250164053;1782;6442;5000;5000000;2;48;10
0;Maxwell Hernandez10;6;2.3388850286166636;2219;2851;80000;8000000;1;100;28
0;Glenn Allen7;6;0.9385474576475816;535;4860;20000;20000000;1;84;23
1;Christopher Perry6;7;5.239363579337375;3024;5721;90000;900000;3;12;4
0;Jonathon Foster4;8;13.825364444681451;575;4869;700000;70000000;3;43;31
0;Stephanie Anderson7;8;20.121707075251066;4233;8392;200;2000;2;77;17
1;Jill Johnson4;7;21.917223846564447;4042;8972;300000;300000000;0;42;12
0;John Jefferson5;7;6.691953398265324;2721;4898;60;60000;2;7;3
1;Troy Garcia4;6;17.823164078387844;196;1626;800000;8000000;1;73;38
1;Jon Thomas7;8;4.91948962664292;3967;5057;80;8000;2;85;55
1;Katherine Nguyen10;8;10.739168207957455;1682;4566;900000;9000000;2;30;14
0;Justin Cook4;7;6.1352940800101425;168;4315;80000;8000000;3;34;16
1;Susan Wade10;7;23.742981962356247;1507;5740;200;20000;1;45;11
0;Ashley Ramirez5;2;12.981880693095505;2502;4674;60;600;1;22;8
1;Yesenia Peters DDS6;2;3.247833583740181;3186;7449;800;80000;0;18;12
1;Dennis Perez4;8;23.667637814862125;2567;7177;40;4000;3;19;5
0;Brian Perry6;2;20.290609513395086;3971;5690;90000;90000000;2;71;17
0;Richard Morris1;6;4.1319116930192745;856;1617;300000;300000000;3;6;3
1;Michele Murray5;1;12.079533974332742;4546;7844;700;70000;1;81;30
0;Natalie Lucas9;8;1.891121603213436;595;2042;500000;500000000;3;38;8
1;Sherri Walker3;2;1.3254519628646155;593;1881;500;500000;3;35;21
0;Misty Flores10;8;23.170327020702487;3638;6692;900000;90000000;2;29;24
0;Barbara Avery1;8;21.166809952252773;4687;7418;9000;900000;0;39;12
1;Brittney Brooks1;8;19.171152428252604;4524;8869;900;9000;3;59;14
0;Eric Merritt5;1;18.330665403994452;1124;3694;80;8000;3;94;29
1;Ronald Finley2;7;15.79348455741332;1004;4596;60000;600000;1;63;23
1;Jeremy Lee2;8;21.8523147776849;1886;6444;3000;30000;2;85;61
0;Andre Bradford7;2;22.12378478763514;1442;5517;10;100;1;24;13
0;Natasha Hernandez2;1;8.8825861268387;4934;5299;10000;1000000;0;57;13
0;Joshua Hoffman10;1;13.959142220961365;1653;4614;500000;500000000;0;73;23
1;Whitney Brown3;8;9.322540251168101;2032;6370;3000;3000000;0;39;24
1;Emily Mercer9;7;20.132576342295355;3379;3469;500;5000;2;47;34
0;Virginia Rogers10;2;0.20572715497589322;4426;5653;10;1000;0;13;6
1;Christine Escobar6;8;19.711496979474514;2187;7138;800;80000;2;11;6
1;Eric Taylor3;8;9.944822095683662;4533;7893;300000;30000000;1;83;18
1;Leah Pittman4;2;24.81099887353481;2073;6449;200;2000;1;98;27
0;Rachel Anderson3;7;18.463939052791712;1601;2270;400;4000;1;95;41
1;Stephanie Melton8;8;3.816599215868899;4315;8786;300;30000;1;34;31
0;Erica Reid4;2;23.599490844282535;3240;5305;2000;2000000;1;27;25
0;Bruce Ayala4;8;9.094114165674345;4590;6839;5000;5000000;0;39;13
0;Jonathan Vaughn5;6;1.8044135665973682;267;731;600;600000;0;8;2
0;James Thomas10;2;14.663330212161133;3902;7324;50;500;3;88;45
1;Alexis Keller2;8;15.894484044525608;1517;5473;9000;9000000;1;44;15
0;Kimberly White7;1;11.578564380685332;453;3594;90;900;1;75;70
0;Daniel Richardson8;7;15.054734879939058;2598;3053;100000;100000000;2;45;25
0;Lisa Golden6;6;12.034205731781983;4859;6688;400000;4000000;2;32;14
1;Kayla Brown6;6;17.63453865808357;551;4230;6000;60000;1;21;16
1;Sherry White6;1;22.993060415981954;829;3171;40;40000;2;84;27
1;Steven Ball9;7;18.44614314135957;3650;5048;40000;4000000;0;90;30
1;Jimmy Dalton7;2;10.992956755073871;350;3398;9000;90000;2;90;38
0;Amy Shaw10;6;9.988972678305746;4654;6514;300;3000;0;39;26
1;Melody Wilson4;7;4.714465654358172;901;2456;8000;8000000;1;23;14
0;Nicholas Craig8;1;18.053946978168494;4412;8350;900000;900000000;1;44;12
1;Steven Owens2;7;5.92555602868331;2329;5891;2000;2000000;3;63;22
0;John Byrd10;7;12.81704574560904;4675;9286;50;500;2;29;7
1;Lisa Wong3;1;5.344867299246397;1675;2636;50000;50000000;1;77;33
0;Andrea Stark10;1;12.584235812882053;2515;3339;100000;100000000;1;30;16
1;Robert Blake6;2;8.143242273342821;640;4814;800;800000;2;46;13
0;Krystal Henderson7;2;13.96562526240513;3377;8271;40000;4000000;2;93;24
0;Donald Thornton6;8;16.352721328536617;778;5168;30;3000;0;60;21
1;Barbara Maldonado4;6;8.571146956554882;1044;2084;400;400000;0;64;21
1;William Cruz PhD5;6;10.597863256576028;521;1441;80000;8000000;1;80;69
1;Rebecca Dennis MD8;1;10.834449753451475;3768;5470;400;40000;0;56;53
1;Jessica Smith6;6;6.338445967187403;201;3840;5000;500000;0;74;18
0;Daniel Patrick8;2;10.782015679178194;4879;6741;500000;500000000;3;96;20
1;Sandra Andrade8;8;1.2475011266284808;2629;4524;600000;60000000;3;95;25
0;Lisa Hamilton3;2;6.316704427919567;3835;7952;100;1000;0;13;7
0;Elizabeth Taylor1;6;14.66302613817467;3804;7486;10000;10000000;3;26;10
0;Angela Golden2;6;18.731220375929404;545;4453;8000;80000;3;13;4
0;Carlos Williams6;6;2.053170858819403;370;1452;80000;80000000;1;66;18
1;Heather Mcintyre10;6;15.647613597860902;2808;3083;2000;20000;0;66;30
1;Laurie Wu3;8;6.748124156662402;1360;5988;80000;80000000;0;52;13
1;Joshua Burton1;2;13.005571645930788;4102;8264;50;5000;0;47;18
1;Brenda Baker2;1;9.756145761287174;3137;7861;300;3000;0;86;37
1;Christian Velasquez8;8;10.046680495227042;2757;5521;600000;60000000;0;19;6
0;Alicia Hall10;8;24.57371921609286;3005;3540;700000;7000000;1;28;6
0;Catherine Bowers4;8;5.615294674756976;967;1419;1000;1000000;0;96;52
1;William Cross8;1;24.465800024218005;4196;7977;900000;90000000;1;81;18
1;Sarah Parsons1;1;15.395321933336254;1415;4439;600;600000;1;67;44
0;Duane Bryant6;1;7.377417269149489;3486;5398;700000;700000000;2;95;50
0;Neil Villarreal10;1;24.622071123314925;1024;3496;100000;100000000;2;43;10
1;Melanie Brown9;8;8.94284363133096;40;1501;50000;5000000;2;42;10
0;Kenneth Davies10;1;8.870371577235577;4103;5959;90000;900000;2;31;19
1;Eduardo Scott5;8;19.579419749942513;3296;3714;40;40000;0;95;29
1;Chelsea King8;8;6.905522847626725;1367;4558;9000;900000;1;81;37
0;April Brown7;8;15.74609807102361;4468;6447;30000;30000000;3;3;1
1;Jerry Franklin1;1;24.880325517520827;3360;5169;70000;700000;1;73;58
0;Dr. Heather Montoya4;7;18.770306149986755;2405;4930;300000;300000000;0;28;8
1;Alexander Tucker10;2;23.482602247812245;519;4737;500000;50000000;3;59;55
0;Haley Reed2;2;1.9736749989606146;813;976;2000;2000000;3;74;17
0;Joseph Cook5;2;10.248153662125533;1181;2750;600;60000;0;80;71
1;Jason Knight9;6;9.051349993157432;3058;6451;7000;700000;3;66;44
1;Nicholas King8;2;18.89642054317317;3658;7380;20000;200000;3;45;33
1;Emily Martinez4;7;16.074248187936675;1134;3171;7000;7000000;3;40;14
1;Marie Wallace9;6;15.135151699896321;4458;8355;40;4000;0;43;13
0;Crystal Jenkins10;6;21.519160901048274;2685;7553;50000;500000;0;25;8
1;Megan Cunningham6;2;5.644060899004505;317;1281;9000;90000;0;9;2
0;John Sanchez6;6;15.995990073245087;4788;7417;40;400;1;93;27
0;Matthew Hayes7;6;24.97318624624366;3947;7446;900000;900000000;3;12;11
0;Matthew Cannon2;7;24.24158489260674;2540;5486;90000;90000000;1;19;11
1;Marcus Cruz3;1;24.58640252366613;231;3638;200;200000;3;38;15
0;Karen Shaffer4;1;5.740227113307647;1550;5938;90000;900000;0;86;24
0;Elizabeth Thompson3;1;24.945603082331647;2943;5736;6000;6000000;1;36;10
1;Jon Duke1;6;9.211629674580763;3717;4613;300000;300000000;1;55;16
1;Tom Winters4;7;10.355097870299442;4474;6432;30;300;0;28;8
0;Kimberly Cunningham4;8;21.219359874520794;2183;2327;600000;60000000;2;55;40
0;Andrew Smith10;6;17.454182581855566;4091;8335;70000;700000;0;86;31
1;Luis Lin4;1;1.7804357162736206;2918;4798;900;900000;3;40;20
0;Sarah Owens8;6;8.808820384282459;77;4805;10;10000;0;27;13
0;Kimberly Ochoa8;7;0.7883359465952422;789;1582;1000;100000;0;92;50
1;Bridget Herrera4;8;1.2890922236229285;4983;8733;500000;500000000;1;10;7
0;Robert Morales MD6;8;6.93906701440509;2768;3077;800000;800000000;2;89;34
1;Terry Bates5;8;11.05331764832985;2770;6245;50;50000;1;95;35
0;Miranda Brown7;1;18.212343446067383;2154;4361;20;2000;2;52;30
0;Kimberly Holt4;1;4.909165259192838;4838;9711;10;10000;0;48;12
1;Lee Meza9;1;1.854018044992653;3721;6429;800000;800000000;0;68;14
0;Molly Duke6;7;7.730854974912271;1899;3120;40000;4000000;0;63;13
0;Jeremy Cortez7;1;2.573710997706344;618;2282;60;60000;3;31;14
0;Timothy Jones7;1;24.073584680327638;4781;6935;3000;30000;1;75;30
0;Nancy Morgan2;1;17.66177684469766;994;2964;700;700000;0;23;12
1;Karl Cordova7;1;4.3662240744807175;2900;5396;90000;90000000;0;21;8
1;Scott Fisher8;6;21.604726279007583;1155;5287;6000;600000;0;56;13
0;Brandon Perez1;6;23.301401809607007;4763;5496;4000;4000000;1;47;16
1;Rick Parks MD4;1;15.828866392302126;2103;5746;800000;800000000;3;35;8
0;Matthew Barton6;2;20.591309586981403;3192;8000;1000;100000;2;70;17
1;Stephen Wheeler MD5;7;18.00789366922146;1778;5647;800000;80000000;0;53;12
1;Melissa Miller7;2;22.267620205730857;692;1447;20;200;1;15;4
1;Cassandra Larson MD3;1;18.682769029087822;996;3616;300;3000;3;70;33
0;Misty Wells DDS3;8;11.301329291679988;4511;9103;700000;700000000;3;100;40
0;Yvette Garcia8;2;5.527046867841989;4944;6313;20;20000;0;60;25
1;David Thomas3;6;23.29591247881823;2421;6135;80000;8000000;0;6;2
0;Stephen Arias7;1;16.58366718861905;3132;4605;7000;700000;1;38;25
1;Alan Roberts6;1;12.86528448734855;2817;4681;50000;500000;0;44;12
0;Natalie Best9;1;8.645827093027009;670;2439;1000;100000;1;4;1
0;David Simon2;2;15.54520688382827;938;5667;80;80000;2;66;28
0;Daniel Carr10;7;17.06466474306549;4521;8320;700000;700000000;1;81;60
0;Terry Powers II6;6;11.123837589536468;539;4161;600;6000;2;59;16
0;Teresa Harris2;1;12.780830259016271;439;1569;60;60000;0;83;22
1;Christopher Roberts8;7;18.181750513011583;4114;8383;40;40000;3;66;21
1;Amanda Rodriguez1;8;9.605564915323104;670;2429;700;7000;1;55;18
1;Frederick Oneal8;2;4.488390364415679;17;4597;7000;700000;1;81;21
0;Kelly Cooper1;1;17.410508304134098;4462;8376;600000;60000000;2;90;69
0;Ryan Mason10;8;9.78968963118402;1516;3173;700000;700000000;1;86;69
0;Brett West6;1;23.5833243170262;1380;6022;600000;600000000;1;67;15
0;Alexander Gross9;6;0.2548620181846123;2664;6776;800;8000;2;11;4
0;Kathy Martin5;8;3.7471157245033275;679;5178;400;400000;3;2;1
1;Michael Perez2;7;0.04500159879583521;1109;5701;8000;8000000;0;27;7
0;Tara Sellers10;6;14.388729746617763;4740;9294;200;20000;3;13;10
0;Angela Buck5;7;1.0047820527370355;3138;3903;100;10000;1;31;15
0;Sarah Stone1;1;6.816643235853889;2411;3023;300000;30000000;3;58;22
1;Jason Boyer4;7;1.1521055482741933;2326;6184;10000;100000;2;22;18
0;Amanda Brown9;8;0.587054165243614;576;4199;80000;800000;1;91;22
1;Victor Payne8;6;3.480998730203297;4120;6679;60000;6000000;3;44;28
1;April Schneider2;1;20.398625602985415;3148;5945;60;6000;0;22;7
0;Michelle Brown5;2;10.013943820531592;543;3799;90000;900000;1;27;21
0;Tyler Young6;1;23.821369763698694;1393;6273;200;2000;3;27;18
0;Eric Simmons4;6;10.318854572877543;4383;6480;1000;100000;3;51;12
0;Michael Price2;8;12.08114045832197;696;5025;30;3000;1;99;27
0;Joseph Brown8;7;10.258715469174632;1992;5038;700000;700000000;3;3;2
1;Lori Hall3;1;3.582565399579601;3341;5129;70000;700000;1;5;2
1;Jason Walker3;8;13.130041729807553;1898;3584;5000;50000;2;13;11
0;Beth Madden9;6;12.745888868550944;4850;5956;8000;800000;2;9;5
0;Laura Phillips MD5;8;12.516124833251501;1611;4541;10;10000;1;5;2
0;Jeremy Mills3;7;5.734250520382727;484;1271;600000;600000000;3;13;3
1;Nicole Farmer6;8;10.587835653086284;4471;8597;50000;50000000;0;63;26
1;Rebecca Smith8;8;24.98529565857784;267;2938;5000;5000000;2;66;14
1;Jennifer Nguyen1;6;6.561863627175002;3057;5061;70000;700000;2;73;38
0;Danny Bernard7;2;4.566138521674016;1639;5203;300000;3000000;2;76;28
1;Martha Smith10;8;0.7185520081505969;1677;5264;90;90000;3;25;12
1;Alejandro Smith4;8;4.634205839167935;1656;4499;90;9000;3;68;26
0;George Henson3;1;23.825392259536198;1730;3662;60;60000;1;55;14
0;Alejandro Moore6;1;7.832166573478927;4903;8198;90000;90000000;1;96;31
1;Timothy Tran9;2;4.402386340413286;3628;6223;30;3000;3;45;23
0;Christina Haney4;1;5.698872779632611;3502;4348;300000;300000000;2;53;15
0;Christina Murphy2;2;22.186011631583884;2547;3409;7000;70000;2;58;15
1;Thomas Valdez9;8;10.026377764552114;4746;7255;6000;60000;3;55;14
1;Alexander Mclean8;8;8.48957955309451;2578;5248;100;10000;2;70;26
0;Alice Gill3;7;16.96248410328046;1065;5134;4000;40000;2;38;17
1;Donald Williams10;8;7.098688717166849;2221;4717;200000;2000000;1;30;9
1;Jessica Lucas1;6;11.51202745670151;3365;4830;8000;800000;3;19;6
1;Thomas Edwards3;6;17.618377019142933;1297;2822;90;90000;3;35;9
1;Mary Smith7;8;15.306916644646593;4946;9177;30000;300000;0;8;5
0;Scott Hall II5;7;8.576034003739746;4036;5245;100000;1000000;2;48;17
0;Kimberly Byrd3;6;23.40180146780116;3814;4151;80;800;0;94;20
0;Cynthia Strickland2;8;16.519138539004192;2488;6906;1000;1000000;0;88;43
1;Christopher Torres2;8;8.953379806004866;1426;4986;50;50000;0;40;12
1;Juan Ashley9;1;15.098438792224922;718;4908;800000;80000000;1;94;39
1;Amanda White2;7;2.3362117758253835;4063;7401;400;400000;1;11;4
0;Kelly Curtis2;1;18.440305999999897;2873;6981;9000;90000;2;90;45
1;Christopher Christian5;2;2.4139720867506513;3891;7954;7000;700000;2;76;61
1;Cristian Gonzalez2;1;24.93741134991075;2669;6947;60000;6000000;2;38;21
1;Virginia Robinson9;1;6.991897276595593;3966;5285;80;8000;0;57;23
0;Tyler Merritt8;8;2.3900320157242474;3582;5125;700;700000;0;55;13
0;Joseph Peters3;2;6.87997437564587;3111;3251;600000;60000000;2;51;47
1;Miranda Brown5;1;18.86289308153564;3566;3884;800;800000;1;35;35
1;Margaret Mullen8;6;17.880120840147523;1144;4585;900;90000;0;71;17
1;Jessica Brown5;7;9.26316585433074;3541;5247;20;2000;3;81;24
0;Todd Arias4;8;13.172845158166552;1177;3696;5000;500000;0;74;41
1;Todd Wheeler5;1;15.237101716130855;2501;5521;400000;400000000;3;50;16
0;William Patterson7;1;17.766303351986412;369;640;80;800;2;58;12
1;Debra Barrett7;8;16.648221874486577;760;1747;5000;50000;2;4;1
1;Jamie Fisher9;1;11.047819734354395;1218;3769;20000;200000;3;94;56
0;Beth Edwards6;6;16.968371365940634;550;1387;20000;200000;2;30;7
1;Annette Johnson9;6;17.384292735786758;2380;6109;20;2000;0;37;11
1;Stephanie Diaz1;1;8.90021715871073;3314;4073;30000;3000000;1;18;6
0;Lisa Hart7;1;18.03630995297349;2620;5894;70000;70000000;0;9;3
1;Toni Lopez7;7;18.136711095855034;4865;6127;80;800;2;64;17
1;Henry Bray5;7;8.963137398116174;2639;4831;60;600;2;76;19
1;Lisa Wilson7;6;18.70616765066347;2405;3571;5000;500000;0;43;10
0;Dr. Elizabeth Martin7;8;4.5476440980942945;1873;6086;3000;30000;3;80;23
1;Christine Wright10;7;3.2854560263926165;1402;6191;900000;900000000;3;42;11
1;Amber Carroll4;2;1.0467246612224534;1155;4627;20;2000;3;19;5
0;Michael Branch1;2;7.386474432298041;3866;4204;200;2000;0;62;44
0;Christopher Mccormick9;2;17.855241923180667;643;3508;5000;50000;0;9;3
1;Jamie Lynch8;1;7.285291728411064;2596;4921;40000;40000000;0;3;2
1;Jacob Simmons4;7;11.543276305473738;3048;4968;4000;400000;3;13;3
0;Kristin Reyes8;7;17.08318382413416;551;1444;4000;400000;1;51;17
1;James Montoya6;2;3.312792278282195;736;5253;20;200;1;24;7
0;Jason Pitts4;1;18.434393759191924;4015;6129;90;90000;2;46;33
1;Carrie Jordan4;2;24.995766743617732;2505;2950;80;800;2;78;22
1;Kristina Long5;6;2.421244203938272;110;3736;300000;3000000;2;63;50
0;Kyle Whitehead2;7;2.5574338915364954;3130;6569;90;900;3;38;9
0;Breanna Reed8;8;4.724746072735791;1121;2252;400;40000;2;80;18
1;Kimberly Bailey9;7;1.6471173681160827;2837;5630;30000;3000000;1;88;75
0;Jonathan Smith2;2;10.246121602612455;4467;5352;20000;2000000;0;75;19
0;Kathryn Burch4;1;3.9274495819233426;2355;5655;8000;80000;2;50;12
1;Sherry Cole7;7;17.92222740214094;1;679;60;60000;3;65;21
1;Jessica Jensen4;8;7.822390197450538;2643;5938;800;800000;1;57;13
0;Patrick Garcia2;2;13.018304359548056;1691;1913;8000;80000;0;15;4
0;John Vance6;1;5.107662910971325;1176;3102;100;100000;3;55;12
0;Joseph Holmes3;1;4.779403095982671;3462;3509;40000;40000000;1;39;20
0;Natasha Knight1;2;7.684040575318724;2211;5183;700000;7000000;3;99;31
0;Kimberly Mercer MD3;8;16.905556780438484;1280;1695;9000;900000;3;91;31
0;Miss Elizabeth Wells4;1;15.350968164419818;901;2377;100000;1000000;3;66;33
0;Dr. Michael Johnson1;8;4.416698842581393;212;1464;9000;9000000;0;33;9
0;Joseph Garcia8;8;8.746613299031713;3287;4294;1000;10000;0;36;13
0;David Hughes10;7;4.830702231146422;964;2624;30000;3000000;0;2;2
1;Christopher Gonzalez Jr.3;6;20.07138504490547;4871;8367;400000;400000000;0;25;8
0;David Torres4;8;17.5080808788975;4204;7955;300;30000;1;33;11
0;Jessica Acosta6;2;8.829990413180042;2353;7061;600000;6000000;1;81;24
1;Christina Padilla10;1;21.86631029561331;908;2510;900;900000;0;63;15
1;Michael Maldonado5;1;0.6375398477710098;841;5179;600;600000;2;100;25
1;Benjamin Grant9;7;21.894837208314353;4569;5124;7000;70000;1;57;15
1;Jeffrey Sparks1;2;23.194272158095867;693;5656;200;2000;1;27;10
0;Michael Robles6;1;2.7538608372075473;2715;5911;80;8000;1;61;56
1;Eric Wolfe4;1;0.6565779055162313;2472;3100;10;100;2;85;59
1;Cindy Hickman9;7;10.808386004934084;2512;5798;30;300;1;56;33
0;Daniel Curtis6;6;23.545179169171888;4528;4530;50000;5000000;0;3;2
0;Michele Lopez6;8;20.344237373468452;4904;8389;20;2000;0;64;15
1;Tiffany Jones6;7;22.853713036364287;1624;3150;900;90000;1;58;22
1;Matthew Lamb6;1;9.41310514582524;3249;4239;80000;80000000;0;44;21
0;Adam Jenkins10;2;12.458936245374353;4535;7245;9000;900000;3;28;8
0;Gloria Ford7;2;11.128360816138894;2584;7069;40;40000;3;4;1
0;Parker Carroll7;7;19.77523228192253;4407;4595;80000;8000000;1;65;25
1;Mary Barnes3;7;4.821539107925235;409;2699;200000;20000000;0;90;32
1;Charles Thompson5;7;4.41782699868512;3164;6168;800;800000;2;69;17
0;Tracy Smith4;8;24.944233220850258;3779;6822;800;8000;0;6;2
0;Mariah Smith1;2;10.709819718533156;226;1285;1000;10000;2;46;11
1;Phillip Schmidt6;1;23.962583997072382;2316;5941;10;10000;2;84;61
1;Valerie Sherman7;1;22.208779483769415;1450;4481;5000;50000;0;74;45
1;Lori Thomas1;1;4.904335629268964;2933;4649;70000;700000;1;32;11
1;Patricia Wallace9;2;12.943768289659443;4894;8119;4000;40000;0;60;32
1;Ryan Lopez2;8;15.989450418913822;2992;4161;60000;6000000;0;18;5
1;Lindsey Carter9;6;12.326128388341184;3541;8196;800000;800000000;2;30;9
1;Edward Hernandez5;8;4.776716475991841;512;3783;600;60000;3;94;37
1;Mark Shaw7;6;17.415479986554733;3185;3804;30;30000;3;92;62
0;Eric Young9;2;20.41134266046733;2225;3898;10;1000;0;54;16
0;Jessica Clayton3;7;22.305409832609566;1430;6242;200000;2000000;1;59;25
1;Jessica Jones1;7;6.49880505041098;2721;2941;200000;20000000;3;99;90
1;Rebecca Johnson7;7;23.346852763054496;1869;4481;5000;500000;3;44;22
1;Brittney Lester9;1;4.005079028379696;320;2303;4000;400000;2;27;9
1;Crystal Brewer7;7;18.775012839675036;866;2375;40000;40000000;3;41;26
0;Evelyn Rivera9;7;3.3461301654399422;3532;4561;5000;50000;1;34;13
1;Christopher Quinn8;2;15.451906363599264;4608;7755;700000;70000000;2;72;20
1;Suzanne Rodriguez5;7;4.122435854311285;1153;2541;60000;60000000;2;6;4
1;Robert Lopez10;6;24.92024216506908;4571;7529;500000;500000000;1;51;33
0;Amy Bowen8;6;23.473739477238077;1315;1796;100;1000;2;42;15
1;Kimberly Greene6;7;16.267628123759465;2773;2815;100000;10000000;0;7;4
1;Ryan Bowman6;1;15.865810797246398;4822;8886;300;300000;2;82;35
1;Chad Brown9;2;11.30497496093479;3040;4686;800;8000;0;64;33
0;Mary Smith6;8;2.121297468745614;1654;3784;8000;800000;1;16;8
1;Todd Miller5;8;23.966773181681525;842;2466;9000;90000;0;27;6
1;Melissa Ryan4;6;17.79511854914058;1168;3583;60;6000;3;95;47
1;Kim Scott2;1;6.237741688369877;1946;2944;50000;5000000;0;24;13
1;Victoria Padilla7;6;8.74575190803751;1933;3108;500000;500000000;2;37;19
0;Caitlin Bird6;2;1.1538507957119775;1291;6277;40000;400000;1;64;19
0;Matthew Vaughn4;2;19.25778668662862;3510;7636;700;7000;2;74;73
0;Shawna Johnson9;2;20.767972600552028;216;335;40000;4000000;0;38;19
1;Joel Walsh9;8;3.441335477827609;4244;7999;40;4000;1;65;34
0;Joseph Evans7;6;24.961860388579897;3499;7134;70000;70000000;3;88;36
0;Kyle Tucker8;6;21.639763373775047;2543;5411;600000;6000000;1;13;4
1;Michelle Small8;8;4.594880760170597;3281;6579;9000;9000000;1;91;29
0;Micheal Smith3;1;17.097816730068836;3857;5618;7000;700000;1;28;11
0;Jacqueline Johnson2;6;20.022825886219252;2866;6450;300;30000;0;46;14
0;Katelyn Brooks8;1;23.502226621424594;2573;5701;700000;7000000;3;95;46
1;Henry Graves3;6;8.37414451500865;4046;4200;60000;6000000;3;25;6
0;Steven Fernandez7;6;0.4616982484157123;4091;8484;600;60000;3;4;2
0;Ashlee Fields2;8;23.869208888542857;1189;5922;400000;40000000;3;44;14
1;Samuel Wilson9;1;12.973177254925258;3100;5966;7000;70000;1;7;3
1;William Johnson8;8;3.5654128719397575;3455;5160;30;30000;0;46;15
0;Christopher Garcia8;1;24.01431709475864;3795;4558;100000;1000000;3;78;22
0;Jonathan Jensen6;6;9.628221962999014;4206;6017;40;40000;2;82;21
0;Kimberly White9;2;24.148116897551365;4506;8141;90000;90000000;0;71;19
0;Frances Williams6;1;14.743697992110949;3563;5121;600000;60000000;1;1;1
1;Michelle Moss7;7;15.804779475971712;1547;3690;20000;200000;3;24;18
0;Stephen Gill9;8;1.2805630591939843;1367;4687;20;200;1;12;4
0;Ashley Rodriguez1;7;16.813406811074035;2936;4954;20000;2000000;1;91;30
1;Jeffrey Holmes2;2;15.215703946575301;1333;4635;600;600000;3;75;22
0;Jeremy Arnold3;1;18.636822946271675;204;2739;6000;600000;1;22;8
1;Jacob Mccarthy4;2;22.655814237586824;1997;6881;40000;40000000;0;78;46
1;Nicole Bautista7;7;14.919080434072821;3919;7625;70;700;2;1;1
0;Nicholas Patel5;2;15.981786871555096;4479;7477;9000;9000000;0;63;13
1;Gail Mann1;2;21.78292228487301;3356;4588;8000;8000000;3;100;23
1;Tanya Silva9;8;11.19929552612024;3;3280;500;50000;3;93;21
0;Adam Mercado10;2;13.24594183350577;3840;7717;10;100;3;41;11
0;Edward Parker3;7;24.56406363863725;1617;4064;10;10000;3;95;24
1;Michelle Jones1;7;7.883791267063778;745;2473;200000;200000000;1;13;10
1;Cassandra Jensen DVM9;1;11.190354470973752;1881;3375;30000;30000000;3;85;22
1;Melissa Harris1;7;21.4279428569296;1793;2031;50000;500000;2;77;20
0;Ronald Leach3;1;0.5721922443341187;1955;6883;600000;600000000;2;41;11
1;Aaron Romero2;7;20.09564415326182;3215;5199;60000;60000000;1;10;3
0;Scott Shannon5;2;5.678782471011895;1196;1298;40;40000;3;11;5
1;Jessica Carter9;6;18.387835638554034;713;2690;2000;2000000;0;22;10
1;Ian Richmond2;1;17.815813296707038;4894;8124;800;800000;1;12;3
1;Rachael Parsons10;7;19.040757744602672;3775;5308;20;2000;1;86;32
0;Daniel Perez8;7;0.5418166604103186;986;5218;80000;8000000;2;35;25
1;Patricia Massey4;6;18.498133783104326;186;3060;200;200000;0;66;14
0;Vincent Gilmore4;2;1.30225506516502;4364;6050;4000;40000;0;88;56
0;Kristin Collins3;6;12.992705290129427;2176;3801;50;50000;0;49;20
1;Jacob Smith1;2;8.366421090433295;1256;3603;600000;600000000;2;1;1
0;Cole Nguyen9;6;5.452543375225838;3850;7476;5000;50000;0;89;24
0;Marissa Proctor9;6;5.126379230830688;4766;8901;50000;500000;3;78;33
0;Christopher Cooke III9;8;14.825546177258367;2754;6141;2000;2000000;0;25;14
0;Mackenzie Dean3;7;15.217802562277576;2694;6694;300;3000;0;6;4
1;Stephen Dixon6;8;1.9793908164546903;2091;5375;300000;300000000;1;58;22
0;Kayla Smith5;6;11.852760650604274;1153;5661;70000;7000000;2;47;12
0;Ashley Murphy7;2;3.155010363969729;4576;8220;70000;7000000;3;81;27
0;Ashley Morrison10;6;16.52747398006933;1694;4468;30000;3000000;0;61;24
1;Kimberly Welch3;2;7.848436693022834;4981;9526;200000;2000000;3;33;17
1;Stephanie Campbell8;7;3.181890092474249;1627;2223;80;80000;2;81;53
1;Karen Harmon9;2;13.960063297434102;1660;3255;200000;20000000;0;58;34
1;Richard Young2;1;15.867550010467497;2462;6171;20;20000;3;81;75
0;James Garcia7;7;19.10636692904168;2347;4162;800000;80000000;2;10;5
1;Melissa Moran8;1;5.957587804870757;505;1765;9000;9000000;3;36;12
1;Amber Jensen6;6;12.00890849320658;3822;7992;200;2000;0;9;4
0;Mr. Gerald Lopez MD7;8;15.047224868750893;544;4408;2000;2000000;3;27;11
0;Robert Snyder2;1;12.5418651181492;3017;7627;20000;200000;0;2;1
1;Karen Martin6;7;15.56518833927302;1474;5355;40;400;2;84;28
1;Elizabeth Holloway2;7;15.86621116132862;1861;3640;6000;60000;0;22;8
1;Nicholas Fisher1;6;21.971047108595556;3478;7688;80;8000;2;32;17
1;Joanna Sutton6;1;9.899987083065314;3174;6465;5000;500000;2;45;11
0;Anthony Alexander8;6;2.453391300945901;221;1680;200;2000;2;23;6
0;Lauren Gray9;6;5.318269747617338;3265;6658;800;80000;0;89;38
0;Tyler Cruz4;1;14.612527562400063;3594;6644;90;90000;3;55;23
0;Joshua Gonzales9;8;2.08742827679321;944;5185;90;90000;0;39;9
1;Kimberly Marquez5;7;24.56789795907622;3504;5905;300;3000;0;83;47
0;Heather Rodriguez1;8;10.799836946105865;3767;4483;30000;3000000;1;88;33
1;Gail Shaw10;7;6.7921923890972815;3560;5475;200000;20000000;1;2;1
0;Benjamin Williams4;1;6.784357110476086;2061;4432;2000;2000000;3;86;26
0;Natalie Price5;7;8.875572469456309;430;1435;100000;100000000;3;16;9
0;Alyssa Mcneil2;2;7.441013539415686;634;2060;900000;90000000;2;18;9
0;Steven Baker5;2;21.08338115197419;4023;6165;800;800000;2;46;15
1;Michelle Schwartz8;8;5.426380108345031;1963;5395;500000;5000000;3;64;21
0;April Bowman10;7;6.717836574552568;4115;8523;20;200;2;14;5
1;Mr. Elijah Mann7;2;1.6647575692358392;1196;2197;900;90000;0;79;52
0;Nancy Barron8;6;9.943736055454492;1922;4924;80000;800000;2;70;23
1;Christine Barnett2;7;3.640575755904041;808;3592;2000;20000;3;96;23
1;Lawrence Blevins4;7;10.687739070624447;4320;7112;400000;4000000;0;18;6
1;Jerry Montgomery4;1;11.536179442213879;2954;3567;3000;3000000;0;74;32
1;Charles Stanley1;2;7.8013068641815595;3731;4176;800;80000;1;57;13
0;Aaron Miller8;7;23.502787697476702;1226;3348;70;70000;1;41;35
1;Michele Salazar1;7;9.089834248200809;2030;4833;30000;300000;2;23;8
0;Sarah Cook2;1;2.2233323313924025;1935;6727;50;500;0;64;23
0;Kristen Horn8;7;16.38017775283801;1432;4246;70;700;0;58;14
0;Brittany Jensen DDS7;8;6.424977279481939;682;4879;50000;5000000;3;89;23
0;Lisa Williams1;7;6.989440937433971;1948;2198;7000;700000;1;97;29
1;Aaron Fleming6;1;24.768922350806957;1696;2308;40;4000;0;52;17
1;Richard Lopez10;2;22.91289745380782;663;2839;700;70000;3;45;11
0;Timothy Mcdaniel2;8;12.13654505916695;4126;6623;200000;200000000;3;58;12
0;Ryan Herrera6;8;6.984691195155143;3491;5919;9000;9000000;3;40;16
0;Thomas Allison8;1;0.6941840943687522;4468;4929;4000;40000;1;54;21
1;Ricky Ellis Jr.2;6;10.240111615982576;1722;4507;80;80000;1;33;13
1;Sharon Harper10;1;5.491443051290282;1644;3661;40;400;2;53;13
1;John Vaughn2;6;9.380499747771928;2662;6395;200;200000;1;8;5
0;Chelsea Reese7;2;1.327276369497174;2236;4928;100000;100000000;3;71;48
1;Sabrina Oliver10;1;23.85208073816415;4437;6216;500000;500000000;2;4;2
1;Cameron Leon1;6;1.959847172419693;4078;7443;100000;1000000;2;50;12
0;Roy Blair6;8;19.80513643912466;1588;4147;700000;7000000;0;36;16
0;Beverly Roy9;7;1.6776074692313125;4681;5047;60;600;0;24;9
1;Dustin Mullen1;6;20.212399806776045;2241;4594;70;700;2;33;23
1;Joel Stewart6;7;1.4758769342316902;2115;2550;2000;200000;3;43;19
1;Tyler Paul4;1;24.537580455357347;3381;3606;300;30000;1;23;6
0;Sara Anderson5;6;23.51352764453915;2856;5146;800;80000;3;73;42
1;Mary Weiss9;8;2.377752655932655;388;4624;800;8000;1;80;17
1;Brian Torres6;6;24.3046845656197;1785;4435;50;5000;1;31;10
0;Kimberly Mccoy8;1;1.752701831890835;2819;3535;90;90000;1;31;8
1;Dr. Amber Oliver DDS8;8;22.282701480846637;2831;4225;3000;3000000;2;17;6
1;Michael Gilmore2;7;8.15434296378979;3480;5147;200;200000;1;36;26
1;Alejandro Townsend7;2;18.294140142615408;1753;4566;60;60000;1;48;12
0;Candice Jackson4;2;24.50181512878441;970;2385;200;20000;0;14;10
1;Trevor Petersen8;2;14.610987404244433;376;1279;30;30000;1;11;3
0;Angela Wood7;6;22.454042643939918;1743;2118;6000;60000;3;26;14
1;Dr. Katie Stewart3;7;0.4776213124325829;4239;6025;200000;20000000;2;14;6
0;Clayton Potter4;2;4.498109320167698;1337;4844;500000;500000000;1;65;26
1;Christian Sullivan3;1;23.574455237276247;2033;6014;700000;70000000;0;2;1
1;Nicholas Ray9;6;8.965663423930915;4532;5675;20;200;0;19;5
0;Karen Griffin9;6;11.058543466776655;3015;3944;100000;100000000;3;26;7
1;Jason Dixon7;2;4.338640997283871;1699;6505;8000;800000;2;91;23
1;Amber Miller9;8;19.532083401145854;2710;2966;300;30000;2;92;48
1;Justin Ramirez8;7;5.428327849654885;1162;1484;500;50000;3;85;30
1;Denise Parker10;8;10.08574132312641;594;5128;90;90000;0;48;14
1;Andrea Brown MD5;7;3.585491085121109;1683;6664;5000;5000000;1;88;29
1;Steven Harris8;6;9.770756684638368;4327;8636;4000;400000;2;18;5
0;Michael Henry1;8;12.801502594510165;2045;5489;7000;700000;1;46;10
1;Kenneth Brewer10;8;24.155951394117665;2428;3127;60;60000;1;95;23
0;Steven English5;2;1.1487237720151007;370;1645;50;5000;1;81;56
0;Ryan Conley7;2;19.46452602672068;4894;9705;90;900;2;48;14
0;Taylor Smith8;1;15.772217275730943;942;5429;50000;500000;3;54;13
1;Patrick Jones MD7;1;11.22453415710544;3785;8181;90;900;1;9;3
1;Ellen Garcia6;2;12.026845132538675;2913;3857;90;9000;1;36;9
1;Jennifer Green10;7;2.0809646775632658;2835;4270;20;20000;2;22;13
1;Anna Garcia7;2;22.9976004984815;875;3326;600000;60000000;3;84;31
1;John King7;1;9.429041775989397;1575;1880;50;50000;0;67;30
0;Erin Gonzalez8;1;10.083516873390058;4080;7979;500;50000;2;26;24
0;Mark Bonilla6;6;1.5474812262681104;2496;4815;3000;3000000;2;47;21
0;Thomas Lane8;8;9.186555647185482;4657;6050;600;600000;0;99;47
0;Donald Calhoun10;1;10.426003783855489;166;350;80000;80000000;3;99;21
1;Brenda Reid6;1;22.353508779076204;4217;5661;20;200;3;36;20
0;Donald Nichols8;8;1.6783602878047783;4288;8125;80;800;3;18;16
0;Matthew Sullivan2;6;20.303356814001024;365;2084;200000;20000000;3;33;10
0;Courtney Jones4;2;5.65518850109826;994;1942;50000;50000000;0;5;2
1;Suzanne Franklin7;6;24.82367912347693;3785;4271;10;100;0;81;46
0;James Terry10;8;7.837725705231727;3713;5887;600000;600000000;2;87;53
1;Zoe Clark8;7;17.742150389333;1199;1981;50;5000;1;48;13
0;John Collins2;6;23.552859113279567;4398;9027;300;30000;3;34;25
0;Kyle Ayala7;7;15.332138855433527;1212;5823;2000;2000000;0;89;43
1;Richard Woodard9;7;3.690665672914495;598;1776;800000;8000000;1;25;9
1;Patricia Manning9;8;22.990900123933685;988;5535;3000;3000000;0;11;11
0;Nicole Todd1;1;5.0287067404723915;2803;2831;80;800;1;23;5
0;Maria Smith7;8;18.279189114738912;630;2688;90;90000;1;65;20
0;Derrick Walker1;1;16.760704314921483;1617;4960;30;30000;2;43;17
1;Robin Russell6;2;9.012021519771643;901;1691;90000;90000000;3;7;6
1;Hunter Daniels5;1;17.42852674885425;556;1066;50000;500000;2;83;25
1;Nicole Tyler2;1;15.490044757519467;2055;4221;50000;500000;3;7;2
0;Melissa King6;6;8.013806816480514;2649;7206;800000;8000000;2;88;20
0;Eric Wright4;6;20.668036738286837;2670;6454;3000;300000;3;78;34
0;Connie Guerrero8;8;23.79242432441399;4105;5389;90000;90000000;2;26;9
1;Misty Peck10;1;23.542422032138116;1067;4065;900;90000;0;84;84
1;Rebecca Wiggins9;2;3.461598418819303;1106;4672;40;40000;3;25;8
0;Kayla Christian4;2;9.51721526421913;4117;4130;70;70000;0;69;29
1;Diane Barrera4;2;18.03802512956871;4705;6569;500000;500000000;3;8;5
0;Caleb Sanders4;6;7.311820501623847;688;882;700000;700000000;1;49;47
1;Taylor Blake MD3;7;9.985433376657577;464;2448;50;50000;1;66;18
0;Angela Jones9;6;15.912747056272671;3032;4464;400;40000;2;12;6
1;Tracey Woodard3;8;23.728907612055856;3317;7756;7000;7000000;0;15;8
1;Gina Wilson9;2;16.669610971366332;237;4514;40;40000;2;70;41
1;Richard Skinner9;2;5.815347101416235;3862;4726;40;4000;0;53;12
1;Megan Murray DDS9;8;7.219379750284119;2851;3491;700000;700000000;3;1;1
1;Patricia Nguyen1;1;1.554832601284284;1009;2632;900000;90000000;1;14;4
1;Matthew Reid8;2;24.870136024756036;3255;3983;5000;50000;0;9;8
0;Kaitlyn Benton10;6;11.385798958128479;3548;5909;500;50000;0;4;3
1;James Griffin8;1;6.506999307664685;3144;5679;90;90000;0;62;15
1;Kurt Williams8;8;9.428041225242412;4822;7614;900;900000;1;100;24
1;Linda Walker8;2;8.30571755055865;4503;8386;20000;2000000;2;11;6
1;Thomas Chung7;6;2.3355289825842895;123;4384;30;30000;2;26;11
1;John Allen5;2;19.681998205662143;527;2199;80;8000;1;98;39
1;Rebecca Adams3;6;1.5716309302802267;4884;9644;500000;5000000;3;55;14
1;Hector Gill10;8;17.30860497274719;1525;2506;70000;700000;2;74;50
0;Jason Coleman10;1;19.944598680528184;1559;6348;60;60000;1;35;11
0;Melissa Chapman9;8;9.834470477343396;712;2905;50;5000;0;76;33
1;Keith James3;8;14.234419027103334;327;4485;60;6000;1;34;7
1;Antonio Matthews6;7;10.81653944652594;19;2747;300000;3000000;0;18;5
0;Leroy Little7;7;12.423926824531206;4836;7067;50000;5000000;1;27;13
0;Roy Chang5;7;10.494063666434222;2183;5329;6000;6000000;1;44;15
0;Heather Huffman9;7;12.932365235396128;474;2483;800000;800000000;2;1;1
0;Nicholas Perez8;6;22.909549174667703;4894;9048;500;50000;1;24;12
0;Daryl Medina4;2;5.911323281905537;3912;4409;30000;300000;1;27;7
0;Michael Lawson2;6;19.43571588080838;470;3774;600000;6000000;1;12;3
1;Lori Mercado6;2;24.07389665106011;4372;8160;60000;6000000;3;64;18
1;Andrew Jones7;8;20.456371592683947;1636;2147;30;3000;0;16;14
1;Katelyn Mora1;2;2.0812565846362734;1944;4188;60;6000;3;59;41
1;Gary Salas5;8;8.82000708507748;3846;4215;5000;500000;3;2;2
1;Tony Jennings8;2;23.237429085216405;27;1983;10000;100000;0;10;4
0;Walter Sharp9;8;15.714057730535796;4513;7180;30000;30000000;1;92;36
0;Lauren Reese1;2;11.149276676819769;1935;5975;6000;6000000;0;35;33
0;Mary Alexander5;6;4.509108324915284;3715;5243;700;7000;0;67;66
1;Nicole Dorsey5;2;4.214781716010959;249;4853;700000;7000000;1;32;7
0;Chloe Larson10;2;15.134841865341771;4366;4379;500000;5000000;0;92;22
0;Kevin Garcia2;1;14.14275068298598;4388;8633;80000;800000;1;87;31
1;Reginald Moore4;1;8.269398255166124;3444;5006;30;300;2;74;16
1;Raven Johnston5;1;15.901463815548702;3963;4930;90000;900000;2;96;40
0;Mark Elliott10;6;12.379627643151462;3898;8131;90000;90000000;0;29;7
1;John Roberts5;1;23.036153753752863;4841;4909;300;30000;2;59;21
0;Elizabeth Lopez5;8;4.81219235385503;533;2745;70000;700000;3;70;32
1;Rebecca Brown4;1;18.205613496118627;4295;7195;900;9000;2;6;2
0;James Cooper9;2;6.048451584140155;311;3472;900;9000;0;45;23
0;Michael Peters6;7;10.56739764242534;2481;5089;900;9000;0;67;22
1;Barbara Marks4;1;12.137777849030924;9;2927;20000;20000000;1;45;15
1;Steve Cooper1;8;10.951444710815059;4505;7635;300;30000;0;10;6
1;Trevor Anderson7;7;0.7014148169740025;3244;6351;200000;200000000;2;86;19
0;Jackson Alexander7;7;13.37409951226625;2377;6029;700000;7000000;1;75;26
0;Kimberly Norton10;2;6.0029815100943935;2229;2798;200000;200000000;3;99;32
1;David Copeland7;2;22.048859244234286;2632;3069;700;700000;0;42;11
1;Linda Hanson2;2;16.751283568514825;3688;6637;300000;30000000;2;16;10
1;Christopher Ferguson2;6;11.301858350596255;2354;5459;400000;40000000;2;98;38
0;Jasmine Hall4;6;20.836849061688067;1765;5659;4000;400000;3;33;7
0;Karen Allen1;1;9.65730604783893;3288;6078;3000;3000000;1;69;47
1;Brady Bennett5;1;7.229374259140137;4241;7864;7000;700000;2;15;4
1;Jennifer Bush3;7;12.70546195840925;4261;4844;200;2000;2;37;29
0;Joshua Delgado2;1;20.041517671496504;3815;8133;30;30000;1;43;27
1;Linda Woodward4;1;20.59313415674983;4666;6586;400;4000;1;34;10
1;Sara Lewis5;1;10.005884890530254;2198;4775;800000;80000000;0;1;1
0;Edwin Warner3;1;5.40010004518201;4321;6965;10;10000;2;45;32
1;Adam Parrish6;6;16.53418450690793;1542;3962;800;800000;0;70;36
1;Susan Sullivan7;7;9.366450822999678;2173;5914;600000;600000000;0;91;19
0;Michelle Malone1;1;12.063391769935745;1775;4146;700;70000;3;32;15
1;Dawn Gray2;8;10.320843993076451;3676;7512;200000;2000000;0;50;12
1;Alexis Hall3;1;0.2754035390155951;1835;3244;9000;900000;1;81;46
1;Shelia Cunningham5;2;9.522003793247166;4448;4960;6000;6000000;3;81;22
1;Derek Parks6;8;18.704262473572715;3593;7133;600;6000;1;46;11
1;Brian Martinez2;7;24.088765871110425;2714;3567;700;70000;0;76;25
1;James Lucas5;8;1.4636762087426647;724;1167;80;80000;0;70;26
1;Amber West6;2;14.863967838237619;3835;8211;40000;400000;1;1;1
1;Gina Turner4;6;3.685885489585705;504;2324;300000;3000000;0;9;9
1;Brett Johnson6;6;1.0069908318340675;1811;4794;90;90000;3;76;26
1;Eric Joyce5;6;1.2424575135876303;3722;5777;10;100;3;17;15
1;David Taylor5;1;8.828393281173952;4845;7108;800;80000;1;44;22
1;Lauren Lowe9;6;20.208006597530282;4309;4766;50;500;3;8;4
0;Emily Johnson5;6;0.10815119140181739;4779;6461;7000;700000;2;71;16
1;Joshua Montgomery6;8;1.8686699209858242;1627;3573;500;50000;0;27;9
1;Lance Moore4;7;15.916447593790494;1476;4522;400000;40000000;0;47;20
0;James Horne7;8;24.880156424451023;3751;8344;8000;80000;2;32;8
1;Mike Johnson10;8;15.314202082956637;4156;9073;50;5000;2;35;23
0;Sean Carr7;6;11.882403307756425;1844;4603;1000;1000000;0;29;12
1;Randall Powers8;8;7.4856927845825645;3623;4354;400000;400000000;1;28;10
0;Holly Shaw4;2;11.977635729083127;1162;1329;500;5000;1;73;20
0;Tiffany Ford7;1;17.077068069528615;1016;1968;10;10000;2;82;18
0;Holly Cruz10;1;10.440477422275046;113;966;7000;700000;2;52;19
1;David Perez6;2;22.58150095717776;1131;5726;500;5000;2;40;11
0;Christopher Carrillo10;1;11.379408275018289;632;1734;300;30000;0;51;40
0;Kathleen Hobbs5;6;1.0953378239591998;611;2389;2000;2000000;2;19;5
0;Maria Marquez9;6;4.928004121224458;503;3302;60;60000;1;79;57
1;Tiffany Martinez2;6;10.997942130716327;4608;9126;8000;8000000;3;56;14
1;Randy Silva2;1;18.505128701682942;2930;3893;3000;300000;0;52;27
1;Taylor Juarez3;7;17.505980416652513;1507;6286;8000;80000;1;43;27
1;Preston Campbell3;2;23.669359660021897;552;1148;70000;700000;1;78;17
1;Jose Hebert8;8;10.151080941885542;187;4843;20000;2000000;3;88;20
0;Kayla Owens5;1;17.24416273171751;4715;4851;40000;400000;1;60;36
1;Joshua Avila8;8;22.609036541057424;2047;6627;20;200;0;70;32
1;Gerald Sanders6;2;13.973941540956462;3646;5511;400000;4000000;2;1;1
0;Christopher Curry7;1;0.7982013792157239;1439;4071;700000;700000000;3;12;12
0;Dawn Hood3;8;19.968904156121397;2778;6637;6000;6000000;3;18;5
1;Mary Conner5;8;21.499473148685947;3941;6516;900000;9000000;2;12;6
0;Timothy Ramsey10;2;15.991672653193516;4084;6548;100000;100000000;0;99;32
0;Jordan Rodriguez8;6;19.22285408403933;4208;4229;60000;60000000;3;40;14
1;Ruth Mcdonald8;2;21.37468831434411;1754;3991;3000;30000;0;16;6
1;Steven Ortiz7;6;21.55424311539035;3200;5306;100000;10000000;0;37;13
1;Megan Edwards6;2;24.42255851647266;1994;2658;800000;800000000;2;70;41
0;Frederick Goodwin1;7;1.0314608119848052;1173;3132;5000;500000;3;59;18
1;Steve Hutchinson2;2;22.085468917394508;3726;7558;10;1000;2;67;19
0;Andrew Walker2;8;16.951602451706357;3718;5907;40;40000;1;48;15
1;Richard Payne10;2;20.60195640415634;2853;6507;100000;100000000;2;2;1
0;Bruce Bright4;2;23.414339594399426;4873;9002;90;900;3;69;22
1;Gregory Washington2;1;17.46692059015319;4208;5878;40;4000;3;35;14
1;Patricia Bean6;1;0.5884293137193519;1723;2766;200;2000;0;48;11
0;Luis Brown9;2;16.251203052355574;1978;4120;6000;600000;1;71;48
0;Kristine Dean DDS1;6;16.148084012006798;3840;8781;900;900000;1;41;10
1;Kendra Keith5;2;2.7450091276378377;810;2482;300000;300000000;2;66;17
0;Ashley Miller1;2;1.902943239139332;3516;7768;50000;5000000;2;43;13
1;Mary Hahn10;1;16.671044894481938;2947;3787;90000;900000;3;61;51
0;Thomas Roberts3;8;7.310076744893529;995;4054;400000;40000000;3;26;7
0;Katie Santiago8;8;21.15918582748346;4580;7720;600000;6000000;2;1;1
1;Heather Cortez1;8;11.65788563584074;3759;7702;600;600000;0;20;12
1;Patrick Martinez5;7;7.92199486202804;291;4966;800;80000;0;43;10
1;Corey Robbins4;2;12.267982989525741;3385;6678;30;30000;2;94;54
1;Carrie Mora9;1;6.7812590319739465;390;1294;300;300000;3;87;50
1;Tyler Johnson4;6;18.805915989051424;3028;7960;500000;5000000;2;73;26
1;Jessica Barron9;6;8.322369907463099;536;1765;100000;10000000;2;63;36
0;Sarah Garza1;2;24.251071835768578;3459;5272;100;100000;1;4;2
1;Teresa Obrien5;1;5.4715164489611805;1586;4957;50;5000;2;68;15
1;Kimberly Martin10;8;7.795991150567297;3597;6862;80000;80000000;3;84;22
1;Michael Mitchell8;6;3.8924384613706398;3224;3420;20;2000;1;8;3
0;Jill Carr2;2;19.426221982044726;879;2183;300;30000;1;85;18
1;George Lee10;6;24.624307041184963;2896;4838;900;90000;0;47;41
0;Lori Rios7;8;23.958981794377365;126;3011;100;10000;1;75;18
1;Matthew Singleton4;2;7.205415975359069;3056;4066;800;8000;0;85;27
1;Hunter Vasquez3;8;9.671517239308027;4461;6444;700;700000;2;77;34
1;Stephen Nelson4;7;9.673254832073287;7;659;2000;2000000;1;33;21
1;Andrew Miller2;6;6.251726533148758;2379;2731;300;300000;1;44;19
0;Rebecca Barnett2;2;5.46811542326629;2450;5061;90000;90000000;1;92;22
1;Emily Lindsey2;7;7.4266479595023025;3694;6883;600;60000;0;58;28
1;Christine Rhodes9;7;15.124821069119118;2480;6179;700;70000;2;66;36
0;Johnny Brown3;6;5.441084259140272;3211;3499;50000;50000000;2;27;9
0;Alexis Rivera9;7;14.451047137010953;1460;1987;800000;800000000;3;64;15
1;Lisa Robinson10;8;10.132788342135987;1441;3803;100000;100000000;2;70;32
0;Renee Miller6;7;13.605054672886268;3779;8084;5000;5000000;3;2;1
0;Riley Blair Jr.6;2;1.6486782904364783;3594;8546;90;90000;2;6;2
0;Miss Carmen Jones3;2;19.855008503976556;4126;8191;200000;20000000;1;48;26
1;Stephanie Cox8;7;10.629621127508923;2171;6108;100000;1000000;0;42;12
